תז,שם פרטי,שם משפחה,אימייל,ססמא,מספר טלפון,תפקיד,חוג לימודים,שפת אם,האם יש לקויות למידה,שנת לימוד
300839221,עלי,גבאי,ali.gabay001@afeka.ac.il,AG300839!,053-350-4657,סטודנט,הנדסת תעשייה וניהול,ערבית,כן,1
319813640,לואי,אברהם,loai.avraham002@afeka.ac.il,LA319813!,054-132-1488,סטודנט,הנדסת חשמל,ערבית,לא,1
318832259,מייסם,לוי,maisam.levi003@afeka.ac.il,ML318832!,052-833-9928,סטודנט,הנדסת תוכנה,עברית,לא,2
325461350,ליאור,כהן,lior.cohen004@afeka.ac.il,LC325461!,052-814-7924,סטודנט,מדעי הנתונים,עברית,לא,2
303112034,רועי,דוד,roi.david005@afeka.ac.il,RD303112!,054-199-6881,סטודנט,הנדסה מכנית,עברית,לא,2
317992829,תמר,מנסור,tamar.mansour006@afeka.ac.il,TM317992!,050-487-2291,סטודנט,הנדסה רפואית,עברית,לא,1
319372723,נור,ח'טיב,noor.khatib007@afeka.ac.il,NK319372!,052-821-2139,סטודנט,הנדסת מערכות מידע,ערבית,לא,1
328699700,מיכל,אברהם,michal.avraham008@afeka.ac.il,MA328699!,052-987-2654,סטודנט,מדעי המחשב,עברית,לא,1
312421212,יובל,חדד,yuval.hadad009@afeka.ac.il,YH312421!,053-314-5374,סטודנט,הנדסת תעשייה וניהול,עברית,לא,1
317922760,יעל,חדד,yael.hadad010@afeka.ac.il,YH317922!,052-267-8573,סטודנט,הנדסת חשמל,עברית,לא,2
322971842,עלי,שפירא,ali.shapira011@afeka.ac.il,AS322971!,053-963-1916,סטודנט,הנדסת תוכנה,עברית,כן,1
308983893,עידו,ג'מאל,ido.jamal012@afeka.ac.il,IJ308983!,050-316-6155,סטודנט,מדעי הנתונים,עברית,לא,2
304793975,חסן,מנסור,hassan.mansour013@afeka.ac.il,HM304793!,053-242-5040,סטודנט,הנדסה מכנית,עברית,לא,1
319580115,לואי,זועבי,loai.zoabi014@afeka.ac.il,LZ319580!,054-470-4593,סטודנט,הנדסה רפואית,עברית,כן,1
325359841,יוסף,אברהם,yosef.avraham015@afeka.ac.il,YA325359!,050-981-2796,סטודנט,הנדסת מערכות מידע,ערבית,לא,2
320012166,סלים,זועבי,salim.zoabi016@afeka.ac.il,SZ320012!,050-494-7252,סטודנט,מדעי המחשב,עברית,לא,2
322826523,שקד,כהן,shaked.cohen017@afeka.ac.il,SC322826!,050-798-9797,סטודנט,הנדסת תעשייה וניהול,עברית,לא,2
309848230,רועי,גבאי,roi.gabay018@afeka.ac.il,RG309848!,054-261-8433,סטודנט,הנדסת חשמל,ערבית,לא,2
316796882,סמי,מור,sami.mor019@afeka.ac.il,SM316796!,052-619-2743,סטודנט,הנדסת תוכנה,עברית,לא,1
320433649,עלי,חורי,ali.khoury020@afeka.ac.il,AK320433!,052-256-7126,סטודנט,מדעי הנתונים,עברית,לא,1
320097245,מוחמד,כהן,mohammad.cohen021@afeka.ac.il,MC320097!,053-600-1319,סטודנט,הנדסה מכנית,ערבית,לא,2
301943646,אייל,בר,eyal.bar022@afeka.ac.il,EB301943!,052-999-2290,סטודנט,הנדסה רפואית,ערבית,לא,1
304308102,יעל,שלום,yael.shalom023@afeka.ac.il,YS304308!,054-662-3705,סטודנט,הנדסת מערכות מידע,עברית,לא,1
318095773,הדר,רוזן,hadar.rozen024@afeka.ac.il,HR318095!,052-830-6107,סטודנט,מדעי המחשב,עברית,לא,1
317366963,יובל,דראושה,yuval.darawshe025@afeka.ac.il,YD317366!,054-223-5061,סטודנט,הנדסת תעשייה וניהול,עברית,לא,1
319744773,רים,שפירא,reem.shapira026@afeka.ac.il,RS319744!,052-107-2163,סטודנט,הנדסת חשמל,עברית,כן,1
328844577,יעל,מזרחי,yael.mizrahi027@afeka.ac.il,YM328844!,053-172-9423,סטודנט,הנדסת תוכנה,עברית,לא,2
324271684,אור,שלום,or.shalom028@afeka.ac.il,OS324271!,055-690-8744,סטודנט,מדעי הנתונים,עברית,לא,1
303165048,טל,מלכה,tal.malka029@afeka.ac.il,TM303165!,050-774-8062,סטודנט,הנדסה מכנית,עברית,לא,2
322594364,סמי,פרץ,sami.peretz030@afeka.ac.il,SP322594!,050-162-7596,סטודנט,הנדסה רפואית,עברית,לא,2
306428696,דנה,בר,dana.bar031@afeka.ac.il,DB306428!,052-649-8350,סטודנט,הנדסת מערכות מידע,ערבית,לא,1
329342879,נטע,בר,neta.bar032@afeka.ac.il,NB329342!,050-553-2604,סטודנט,מדעי המחשב,ערבית,לא,1
325285462,נועה,אברהם,noa.avraham033@afeka.ac.il,NA325285!,052-270-7658,סטודנט,הנדסת תעשייה וניהול,עברית,לא,2
305524305,אביב,פרץ,aviv.peretz034@afeka.ac.il,AP305524!,054-102-7396,סטודנט,הנדסת חשמל,עברית,לא,2
314193775,נטע,יצחקי,neta.yitzhaki035@afeka.ac.il,NY314193!,055-777-8973,סטודנט,הנדסת תוכנה,ערבית,לא,1
325097895,שירה,פרץ,shira.peretz036@afeka.ac.il,SP325097!,053-158-1821,סטודנט,מדעי הנתונים,עברית,לא,1
301908561,מוחמד,חדד,mohammad.hadad037@afeka.ac.il,MH301908!,055-182-4044,סטודנט,הנדסה מכנית,ערבית,כן,2
304022727,גל,ג'מאל,gal.jamal038@afeka.ac.il,GJ304022!,055-352-1651,סטודנט,הנדסה רפואית,עברית,לא,1
310615610,רים,סאלח,reem.saleh039@afeka.ac.il,RS310615!,053-309-6147,סטודנט,הנדסת מערכות מידע,עברית,לא,1
315341910,יארא,לוי יקוט,yara.levi_yakut040@afeka.ac.il,YL315341!,053-869-2188,סטודנט,מדעי המחשב,ערבית,לא,2
302458221,אחמד,דוד,ahmad.david041@afeka.ac.il,AD302458!,055-318-9288,סטודנט,הנדסת תעשייה וניהול,עברית,לא,2
312399271,יעל,בר,yael.bar042@afeka.ac.il,YB312399!,053-261-8179,סטודנט,הנדסת חשמל,עברית,לא,2
300262499,נור,סאלח,noor.saleh043@afeka.ac.il,NS300262!,055-406-2697,סטודנט,הנדסת תוכנה,עברית,כן,1
324911370,ליה,דוד,lia.david044@afeka.ac.il,LD324911!,055-259-5462,סטודנט,מדעי הנתונים,עברית,לא,2
323068575,רועי,רוזן,roi.rozen045@afeka.ac.il,RR323068!,053-617-9004,סטודנט,הנדסה מכנית,עברית,לא,2
321283054,שירה,אברהם,shira.avraham046@afeka.ac.il,SA321283!,054-949-5533,סטודנט,הנדסה רפואית,ערבית,לא,1
305421791,אורי,מור,uri.mor047@afeka.ac.il,UM305421!,054-664-8007,סטודנט,הנדסת מערכות מידע,עברית,כן,2
318306972,פאטמה,אזולאי,fatma.azoulay048@afeka.ac.il,FA318306!,050-954-7049,סטודנט,מדעי המחשב,עברית,לא,2
310343433,אורי,מזרחי,uri.mizrahi049@afeka.ac.il,UM310343!,053-915-1653,סטודנט,הנדסת תעשייה וניהול,עברית,לא,1
311867485,גל,דוד,gal.david050@afeka.ac.il,GD311867!,055-995-7658,סטודנט,הנדסת חשמל,עברית,לא,1
326839754,גל,חדד,gal.hadad051@afeka.ac.il,GH326839!,052-522-1406,סטודנט,הנדסת תוכנה,ערבית,לא,2
308952514,טל,בר,tal.bar052@afeka.ac.il,TB308952!,052-906-2771,סטודנט,מדעי הנתונים,עברית,כן,2
306696552,אמיר,שפירא,amir.shapira053@afeka.ac.il,AS306696!,054-458-6000,סטודנט,הנדסה מכנית,עברית,לא,2
322147038,עמית,לוי,amit.levi054@afeka.ac.il,AL322147!,052-508-6378,סטודנט,הנדסה רפואית,עברית,כן,1
321524555,ליאור,עבדאללה,lior.abdalla055@afeka.ac.il,LA321524!,055-509-9785,סטודנט,הנדסת מערכות מידע,עברית,כן,2
319481358,שקד,סויסה,shaked.suissa056@afeka.ac.il,SS319481!,053-139-2776,סטודנט,מדעי המחשב,עברית,לא,1
320340993,עידו,זועבי,ido.zoabi057@afeka.ac.il,IZ320340!,055-218-7311,סטודנט,הנדסת תעשייה וניהול,עברית,לא,1
300056749,תמר,זועבי,tamar.zoabi058@afeka.ac.il,TZ300056!,055-925-9821,סטודנט,הנדסת חשמל,עברית,לא,1
312221244,לואי,מלכה,loai.malka059@afeka.ac.il,LM312221!,054-171-6409,סטודנט,הנדסת תוכנה,עברית,לא,2
317016207,ליה,לוי יקוט,lia.levi_yakut060@afeka.ac.il,LL317016!,053-782-7691,סטודנט,מדעי הנתונים,עברית,לא,1
306437085,מראם,שלום,maram.shalom061@afeka.ac.il,MS306437!,054-780-7211,סטודנט,הנדסה מכנית,עברית,לא,1
313625621,נור,לוי יקוט,noor.levi_yakut062@afeka.ac.il,NL313625!,055-953-1006,סטודנט,הנדסה רפואית,עברית,לא,2
315602414,רים,חסן,reem.hassan063@afeka.ac.il,RH315602!,054-552-4501,סטודנט,הנדסת מערכות מידע,עברית,לא,2
322107362,לואי,חדד,loai.hadad064@afeka.ac.il,LH322107!,050-390-9445,סטודנט,מדעי המחשב,עברית,לא,1
322575276,רוני,בר,roni.bar065@afeka.ac.il,RB322575!,053-330-4262,סטודנט,הנדסת תעשייה וניהול,ערבית,כן,2
315281230,אמיר,ביטון,amir.biton066@afeka.ac.il,AB315281!,054-744-4185,סטודנט,הנדסת חשמל,עברית,לא,2
304951672,אביב,בר,aviv.bar067@afeka.ac.il,AB304951!,050-868-2746,סטודנט,הנדסת תוכנה,עברית,לא,2
315587707,פאטמה,סאלח,fatma.saleh068@afeka.ac.il,FS315587!,050-670-5082,סטודנט,מדעי הנתונים,עברית,כן,1
322400191,אורי,מנסור,uri.mansour069@afeka.ac.il,UM322400!,055-672-6198,סטודנט,הנדסה מכנית,עברית,לא,2
314319043,נור,חורי,noor.khoury070@afeka.ac.il,NK314319!,055-556-3607,סטודנט,הנדסה רפואית,עברית,לא,1
328181122,שקד,בר,shaked.bar071@afeka.ac.il,SB328181!,053-884-9540,סטודנט,הנדסת מערכות מידע,עברית,לא,1
323942592,ירין,ביטון,yarin.biton072@afeka.ac.il,YB323942!,053-340-5451,סטודנט,מדעי המחשב,עברית,לא,1
305061037,רוני,שלום,roni.shalom073@afeka.ac.il,RS305061!,052-492-3503,סטודנט,הנדסת תעשייה וניהול,עברית,כן,1
318207008,טל,אבו,tal.abu074@afeka.ac.il,TA318207!,054-525-2020,סטודנט,הנדסת חשמל,עברית,לא,1
328747156,רים,לוי,reem.levi075@afeka.ac.il,RL328747!,055-489-8814,סטודנט,הנדסת תוכנה,ערבית,לא,2
318059685,אלה,סעיד,ella.said076@afeka.ac.il,ES318059!,055-919-4613,סטודנט,מדעי הנתונים,עברית,לא,2
313047882,יוסף,לוי,yosef.levi077@afeka.ac.il,YL313047!,053-784-7624,סטודנט,הנדסה מכנית,עברית,לא,1
313221125,אורי,לוי,uri.levi078@afeka.ac.il,UL313221!,055-677-1444,סטודנט,הנדסה רפואית,ערבית,לא,2
301687272,נטע,סויסה,neta.suissa079@afeka.ac.il,NS301687!,053-488-6363,סטודנט,הנדסת מערכות מידע,עברית,לא,1
325233262,אלה,אוחיון,ella.ohayon080@afeka.ac.il,EO325233!,054-358-2341,סטודנט,מדעי המחשב,עברית,לא,2
307523647,שירה,עבדאללה,shira.abdalla081@afeka.ac.il,SA307523!,050-899-1659,סטודנט,הנדסת תעשייה וניהול,עברית,לא,1
308004240,מאיה,אזולאי,maya.azoulay082@afeka.ac.il,MA308004!,052-584-2874,סטודנט,מדעי הנתונים,עברית,לא,1
320330385,יובל,חדד,yuval.hadad083@afeka.ac.il,YH320330!,055-865-2876,סטודנט,הנדסת תוכנה,עברית,כן,2
319320532,מאיה,לוי יקוט,maya.levi_yakut084@afeka.ac.il,ML319320!,054-506-4249,סטודנט,הנדסת חשמל,עברית,לא,2
323393915,גל,דוד,gal.david085@afeka.ac.il,GD323393!,053-970-2983,סטודנט,הנדסת תעשייה וניהול,עברית,לא,1
316977226,יובל,ביטון,yuval.biton086@afeka.ac.il,YB316977!,053-112-7882,סטודנט,מדעי המחשב,ערבית,לא,1
323733339,עלי,מנסור,ali.mansour087@afeka.ac.il,AM323733!,052-545-3885,סטודנט,הנדסה מכנית,עברית,לא,2
314615454,אמיר,מנסור,amir.mansour088@afeka.ac.il,AM314615!,055-374-6280,סטודנט,מדעי הנתונים,עברית,כן,2
325181805,ירין,בר,yarin.bar089@afeka.ac.il,YB325181!,054-683-7209,סטודנט,הנדסה רפואית,ערבית,לא,1
307117561,דניאל,מחאמיד,daniel.mahamid090@afeka.ac.il,DM307117!,053-916-5232,סטודנט,הנדסה רפואית,עברית,לא,2
317335133,ליאור,כהן,lior.cohen091@afeka.ac.il,LC317335!,052-187-4954,סטודנט,הנדסת מערכות מידע,עברית,לא,2
321672904,פאטמה,עאמר,fatma.amer092@afeka.ac.il,FA321672!,054-558-1282,סטודנט,הנדסת חשמל,עברית,לא,1
322278801,גל,לוי יקוט,gal.levi_yakut093@afeka.ac.il,GL322278!,055-477-8753,סטודנט,הנדסה רפואית,עברית,לא,1
323583898,רועי,עבדאללה,roi.abdalla094@afeka.ac.il,RA323583!,054-377-6023,סטודנט,הנדסה מכנית,עברית,לא,1
324926952,עידו,גבאי,ido.gabay095@afeka.ac.il,IG324926!,055-880-4033,סטודנט,מדעי הנתונים,עברית,לא,1
320024974,סמי,סאלח,sami.saleh096@afeka.ac.il,SS320024!,053-202-4180,סטודנט,הנדסה מכנית,עברית,לא,2
309204360,נועה,שלום,noa.shalom097@afeka.ac.il,NS309204!,050-155-5786,סטודנט,הנדסת תוכנה,עברית,לא,1
319262398,דנה,כהן,dana.cohen098@afeka.ac.il,DC319262!,053-580-8843,סטודנט,מדעי המחשב,עברית,לא,2
303828129,שקד,עאמר,shaked.amer099@afeka.ac.il,SA303828!,050-510-9056,סטודנט,הנדסת חשמל,עברית,לא,2
327217411,איתי,אזולאי,itai.azoulay100@afeka.ac.il,IA327217!,055-411-2395,סטודנט,מדעי הנתונים,ערבית,לא,1
326027956,מייסם,שפירא,maisam.shapira101@afeka.ac.il,MS326027!,055-489-8381,סטודנט,מדעי המחשב,עברית,לא,1
319080038,הדר,לוי יקוט,hadar.levi_yakut102@afeka.ac.il,HL319080!,055-161-2625,סטודנט,מדעי הנתונים,עברית,לא,2
308048539,רוני,חדד,roni.hadad103@afeka.ac.il,RH308048!,052-665-2229,סטודנט,הנדסת תוכנה,ערבית,לא,1
309773040,מייסם,עאמר,maisam.amer104@afeka.ac.il,MA309773!,050-337-5720,סטודנט,הנדסה מכנית,עברית,לא,1
308876980,סלים,שפירא,salim.shapira105@afeka.ac.il,SS308876!,055-777-4241,סטודנט,הנדסת מערכות מידע,ערבית,לא,1
327737139,איתי,אוחיון,itai.ohayon106@afeka.ac.il,IO327737!,052-173-1977,סטודנט,הנדסת תוכנה,עברית,לא,1
314735544,אחמד,יצחקי,ahmad.yitzhaki107@afeka.ac.il,AY314735!,050-579-5982,סטודנט,הנדסת מערכות מידע,עברית,לא,1
302699180,יוסף,דראושה,yosef.darawshe108@afeka.ac.il,YD302699!,055-140-8078,סטודנט,הנדסה רפואית,עברית,כן,2
325661100,עמית,לוי,amit.levi109@afeka.ac.il,AL325661!,053-690-1659,סטודנט,הנדסת תוכנה,עברית,לא,2
319640403,ליאור,סויסה,lior.suissa110@afeka.ac.il,LS319640!,054-750-9056,סטודנט,הנדסת חשמל,עברית,לא,1
328780746,עידו,דוד,ido.david111@afeka.ac.il,ID328780!,052-437-7744,סטודנט,מדעי המחשב,עברית,לא,1
315261425,מראם,מזרחי,maram.mizrahi112@afeka.ac.il,MM315261!,050-422-5135,סטודנט,הנדסה רפואית,ערבית,לא,2
322067420,לינה,כהן,lina.cohen113@afeka.ac.il,LC322067!,055-573-7770,סטודנט,הנדסת תעשייה וניהול,עברית,לא,2
325501050,יוסף,דראושה,yosef.darawshe114@afeka.ac.il,YD325501!,050-308-5375,סטודנט,הנדסת תוכנה,עברית,לא,1
304074383,פאטמה,מחאמיד,fatma.mahamid115@afeka.ac.il,FM304074!,050-745-4920,סטודנט,הנדסת תוכנה,עברית,כן,2
307539702,טל,אברהם,tal.avraham116@afeka.ac.il,TA307539!,050-572-2924,סטודנט,הנדסת תוכנה,עברית,לא,1
313941542,לינה,אוחיון,lina.ohayon117@afeka.ac.il,LO313941!,054-583-4993,סטודנט,מדעי המחשב,עברית,לא,2
325041422,מייסם,חורי,maisam.khoury118@afeka.ac.il,MK325041!,052-984-2143,סטודנט,הנדסה מכנית,עברית,לא,1
308964826,רועי,חורי,roi.khoury119@afeka.ac.il,RK308964!,050-389-5891,סטודנט,מדעי המחשב,עברית,לא,2
311154833,אמיר,עבדאללה,amir.abdalla120@afeka.ac.il,AA311154!,055-881-9903,סטודנט,הנדסת מערכות מידע,עברית,לא,2
319186345,עומר,בר,omer.bar121@afeka.ac.il,OB319186!,054-339-7730,סטודנט,הנדסת תעשייה וניהול,עברית,לא,2
322269701,אלה,מסרי,ella.masri122@afeka.ac.il,EM322269!,052-607-1606,סטודנט,הנדסת תוכנה,עברית,לא,1
303345769,דנה,דראושה,dana.darawshe123@afeka.ac.il,DD303345!,055-567-1251,סטודנט,הנדסת תוכנה,עברית,לא,2
315753490,איתי,ביטון,itai.biton124@afeka.ac.il,IB315753!,053-446-7512,סטודנט,הנדסת חשמל,עברית,לא,2
310625385,סארה,מסרי,sara.masri125@afeka.ac.il,SM310625!,054-993-9864,סטודנט,הנדסת תעשייה וניהול,עברית,לא,1
307633172,סלים,יצחקי,salim.yitzhaki126@afeka.ac.il,SY307633!,050-544-2612,סטודנט,הנדסת חשמל,עברית,לא,1
310884207,מאיה,מזרחי,maya.mizrahi127@afeka.ac.il,MM310884!,050-400-6873,סטודנט,הנדסה רפואית,עברית,לא,2
305703704,טל,סויסה,tal.suissa128@afeka.ac.il,TS305703!,052-180-7267,סטודנט,מדעי הנתונים,עברית,לא,2
321404527,עמית,מנסור,amit.mansour129@afeka.ac.il,AM321404!,053-570-5183,סטודנט,הנדסת תעשייה וניהול,עברית,לא,1
302478394,מיכל,חדד,michal.hadad130@afeka.ac.il,MH302478!,054-453-5901,סטודנט,הנדסת מערכות מידע,עברית,לא,1
312908163,אייל,מלכה,eyal.malka131@afeka.ac.il,EM312908!,054-209-4886,סטודנט,הנדסת מערכות מידע,עברית,לא,1
300736170,פאטמה,יצחקי,fatma.yitzhaki132@afeka.ac.il,FY300736!,054-381-1132,סטודנט,הנדסת תעשייה וניהול,עברית,לא,1
320369721,מיכל,שפירא,michal.shapira133@afeka.ac.il,MS320369!,053-324-4115,סטודנט,הנדסה מכנית,עברית,לא,2
321080508,יארא,שלום,yara.shalom134@afeka.ac.il,YS321080!,050-742-1645,סטודנט,הנדסה מכנית,עברית,כן,1
303024374,יובל,שלום,yuval.shalom135@afeka.ac.il,YS303024!,053-434-7807,סטודנט,הנדסת תוכנה,עברית,לא,1
316837438,יובל,סאלח,yuval.saleh136@afeka.ac.il,YS316837!,053-950-3695,סטודנט,הנדסה מכנית,עברית,לא,2
326985566,מיכל,אבו,michal.abu137@afeka.ac.il,MA326985!,050-579-2233,סטודנט,הנדסת תוכנה,עברית,לא,1
328378475,סלים,ג'מאל,salim.jamal138@afeka.ac.il,SJ328378!,055-474-2479,סטודנט,הנדסת מערכות מידע,ערבית,לא,2
322576374,נטע,ח'טיב,neta.khatib139@afeka.ac.il,NK322576!,053-698-7242,סטודנט,הנדסה רפואית,ערבית,לא,2
320470961,מאיה,חסן,maya.hassan140@afeka.ac.il,MH320470!,052-763-2035,סטודנט,מדעי המחשב,עברית,לא,1
304690138,טל,גבאי,tal.gabay141@afeka.ac.il,TG304690!,050-138-5986,סטודנט,מדעי המחשב,ערבית,לא,2
313040790,סארה,שלום,sara.shalom142@afeka.ac.il,SS313040!,054-479-9850,סטודנט,הנדסת מערכות מידע,עברית,לא,2
327974097,טל,דוד,tal.david143@afeka.ac.il,TD327974!,054-730-7686,סטודנט,הנדסה מכנית,ערבית,לא,1
307922625,ירין,דראושה,yarin.darawshe144@afeka.ac.il,YD307922!,053-201-7018,סטודנט,הנדסה רפואית,ערבית,לא,1
303076049,ליה,מנסור,lia.mansour145@afeka.ac.il,LM303076!,052-757-1349,סטודנט,הנדסת תעשייה וניהול,עברית,לא,1
302302174,אורי,רוזן,uri.rozen146@afeka.ac.il,UR302302!,055-312-4538,סטודנט,מדעי הנתונים,עברית,לא,1
309303799,מייסם,כהן,maisam.cohen147@afeka.ac.il,MC309303!,052-233-9850,סטודנט,הנדסה מכנית,עברית,כן,1
300498629,מאיה,שלום,maya.shalom148@afeka.ac.il,MS300498!,053-908-4898,סטודנט,הנדסה רפואית,ערבית,לא,1
317652501,אורי,סעיד,uri.said149@afeka.ac.il,US317652!,050-863-2041,סטודנט,מדעי המחשב,עברית,לא,2
315166785,רים,דוד,reem.david150@afeka.ac.il,RD315166!,055-326-1710,סטודנט,הנדסה מכנית,עברית,לא,2
328430621,שירה,עאמר,shira.amer151@afeka.ac.il,SA328430!,054-536-2768,סטודנט,מדעי המחשב,עברית,לא,2
320411074,רוני,חסן,roni.hassan152@afeka.ac.il,RH320411!,052-167-3067,סטודנט,הנדסה מכנית,עברית,לא,2
312781030,איה,חסן,aya.hassan153@afeka.ac.il,AH312781!,055-643-5831,סטודנט,מדעי המחשב,עברית,לא,2
328614975,פאטמה,גבאי,fatma.gabay154@afeka.ac.il,FG328614!,055-838-4522,סטודנט,הנדסת מערכות מידע,עברית,לא,1
313379164,רועי,מנסור,roi.mansour155@afeka.ac.il,RM313379!,054-847-2557,סטודנט,הנדסה רפואית,עברית,לא,1
323045889,יובל,אזולאי,yuval.azoulay156@afeka.ac.il,YA323045!,054-168-2494,סטודנט,הנדסת חשמל,ערבית,כן,2
327238457,לואי,ח'טיב,loai.khatib157@afeka.ac.il,LK327238!,052-669-1982,סטודנט,הנדסה רפואית,עברית,לא,2
329128338,יארא,זועבי,yara.zoabi158@afeka.ac.il,YZ329128!,050-394-6119,סטודנט,הנדסה רפואית,ערבית,לא,1
307524409,איתי,עאמר,itai.amer159@afeka.ac.il,IA307524!,050-458-7022,סטודנט,הנדסת חשמל,עברית,לא,1
320434478,הדר,לוי,hadar.levi160@afeka.ac.il,HL320434!,053-129-3955,סטודנט,הנדסה מכנית,עברית,לא,1
300204876,רועי,עבדאללה,roi.abdalla161@afeka.ac.il,RA300204!,052-990-3347,סטודנט,הנדסת מערכות מידע,ערבית,לא,1
325035356,מאיה,אברהם,maya.avraham162@afeka.ac.il,MA325035!,055-320-7163,סטודנט,הנדסת מערכות מידע,עברית,לא,1
326066277,אייל,חסן,eyal.hassan163@afeka.ac.il,EH326066!,055-710-2391,סטודנט,הנדסת תעשייה וניהול,ערבית,לא,2
309130256,שירה,אברהם,shira.avraham164@afeka.ac.il,SA309130!,054-777-7947,סטודנט,מדעי המחשב,עברית,לא,1
303819081,אור,חורי,or.khoury165@afeka.ac.il,OK303819!,053-540-2816,סטודנט,הנדסה מכנית,עברית,לא,2
301523953,מוחמד,לוי יקוט,mohammad.levi_yakut166@afeka.ac.il,ML301523!,052-504-1897,סטודנט,הנדסת תעשייה וניהול,עברית,לא,2
309712234,אורי,מור,uri.mor167@afeka.ac.il,UM309712!,053-222-1126,סטודנט,מדעי המחשב,עברית,לא,2
316786018,אלה,שפירא,ella.shapira168@afeka.ac.il,ES316786!,055-953-6802,סטודנט,הנדסת חשמל,עברית,לא,2
315426792,הדר,לוי,hadar.levi169@afeka.ac.il,HL315426!,050-982-6129,סטודנט,הנדסת מערכות מידע,עברית,לא,2
303864577,טל,יצחקי,tal.yitzhaki170@afeka.ac.il,TY303864!,054-121-6321,סטודנט,הנדסת תוכנה,עברית,לא,1
302957148,פאטמה,ח'טיב,fatma.khatib171@afeka.ac.il,FK302957!,054-964-2734,סטודנט,מדעי הנתונים,עברית,לא,2
329209952,רוני,ג'מאל,roni.jamal172@afeka.ac.il,RJ329209!,053-863-6562,סטודנט,מדעי הנתונים,עברית,לא,2
317804143,לינה,גבאי,lina.gabay173@afeka.ac.il,LG317804!,055-298-6724,סטודנט,הנדסה רפואית,עברית,לא,1
303449547,איתי,בר,itai.bar174@afeka.ac.il,IB303449!,052-362-4232,סטודנט,הנדסת תוכנה,עברית,לא,2
305944037,חסן,ביטון,hassan.biton175@afeka.ac.il,HB305944!,054-575-8354,סטודנט,הנדסה רפואית,עברית,לא,2
302291306,איתי,דראושה,itai.darawshe176@afeka.ac.il,ID302291!,054-552-5961,סטודנט,הנדסה מכנית,עברית,לא,2
315493506,יעל,לוי יקוט,yael.levi_yakut177@afeka.ac.il,YL315493!,054-138-1932,סטודנט,הנדסה רפואית,עברית,כן,1
312901091,רוני,חורי,roni.khoury178@afeka.ac.il,RK312901!,054-694-1672,סטודנט,מדעי המחשב,עברית,לא,2
320300627,עומר,חסן,omer.hassan179@afeka.ac.il,OH320300!,054-613-3471,סטודנט,הנדסת תעשייה וניהול,עברית,לא,1
316929855,רועי,אברהם,roi.avraham180@afeka.ac.il,RA316929!,052-140-5059,סטודנט,מדעי המחשב,עברית,לא,1
312210389,נור,חדד,noor.hadad181@afeka.ac.il,NH312210!,053-389-7347,סטודנט,הנדסת מערכות מידע,עברית,לא,1
302211634,שירה,אבו,shira.abu182@afeka.ac.il,SA302211!,053-196-7333,סטודנט,הנדסה מכנית,עברית,לא,1
311185773,מייסם,אזולאי,maisam.azoulay183@afeka.ac.il,MA311185!,050-696-3317,סטודנט,הנדסה רפואית,עברית,לא,1
304326899,יארא,ג'מאל,yara.jamal184@afeka.ac.il,YJ304326!,055-825-2388,סטודנט,הנדסה מכנית,עברית,לא,2
322485375,רועי,שלום,roi.shalom185@afeka.ac.il,RS322485!,055-195-7937,סטודנט,הנדסה רפואית,ערבית,לא,1
325707936,אור,אבו,or.abu186@afeka.ac.il,OA325707!,054-296-4711,סטודנט,הנדסת תוכנה,ערבית,לא,1
325866263,דנה,חורי,dana.khoury187@afeka.ac.il,DK325866!,055-955-9626,סטודנט,הנדסת תעשייה וניהול,עברית,לא,1
320040265,נור,שלום,noor.shalom188@afeka.ac.il,NS320040!,054-257-3658,סטודנט,הנדסת תוכנה,עברית,לא,2
301466074,יואב,דראושה,yoav.darawshe189@afeka.ac.il,YD301466!,054-473-4891,סטודנט,מדעי המחשב,עברית,לא,2
317918440,ירין,שפירא,yarin.shapira190@afeka.ac.il,YS317918!,052-416-8684,סטודנט,מדעי הנתונים,עברית,לא,1
325818073,ירין,מנסור,yarin.mansour191@afeka.ac.il,YM325818!,053-896-7256,סטודנט,הנדסת מערכות מידע,עברית,לא,1
329293083,מייסם,שלום,maisam.shalom192@afeka.ac.il,MS329293!,053-153-8873,סטודנט,הנדסה רפואית,עברית,כן,2
309565127,מוחמד,גבאי,mohammad.gabay193@afeka.ac.il,MG309565!,050-881-3626,סטודנט,הנדסה מכנית,עברית,לא,2
307450359,הדר,אברהם,hadar.avraham194@afeka.ac.il,HA307450!,054-457-1436,סטודנט,הנדסת מערכות מידע,ערבית,לא,1
302738224,גל,מסרי,gal.masri195@afeka.ac.il,GM302738!,053-329-1461,סטודנט,הנדסה רפואית,עברית,לא,1
326554327,חסן,אבו,hassan.abu196@afeka.ac.il,HA326554!,052-240-1627,סטודנט,הנדסה מכנית,עברית,לא,2
315052567,אורי,עאמר,uri.amer197@afeka.ac.il,UA315052!,055-105-2298,סטודנט,הנדסת תעשייה וניהול,עברית,לא,2
314202073,מראם,סאלח,maram.saleh198@afeka.ac.il,MS314202!,050-894-5720,סטודנט,מדעי הנתונים,עברית,כן,2
302107458,טל,מנסור,tal.mansour199@afeka.ac.il,TM302107!,050-956-9189,סטודנט,הנדסת תעשייה וניהול,עברית,לא,2
309773466,איה,אזולאי,aya.azoulay200@afeka.ac.il,AA309773!,054-101-6780,סטודנט,מדעי הנתונים,עברית,לא,1
317565226,יארא,אברהם,yara.avraham201@afeka.ac.il,YA317565!,053-169-9618,סטודנט,הנדסת תעשייה וניהול,עברית,לא,1
312525949,עלי,מסרי,ali.masri202@afeka.ac.il,AM312525!,053-865-1266,סטודנט,הנדסה רפואית,עברית,לא,1
325887290,סמי,דוד,sami.david203@afeka.ac.il,SD325887!,055-852-6447,סטודנט,הנדסת תוכנה,ערבית,לא,2
327863051,חסן,סויסה,hassan.suissa204@afeka.ac.il,HS327863!,054-812-8840,סטודנט,הנדסת תוכנה,עברית,כן,1
309846298,נטע,מזרחי,neta.mizrahi205@afeka.ac.il,NM309846!,052-144-4268,סטודנט,הנדסת תעשייה וניהול,עברית,לא,1
308499799,אביב,עאמר,aviv.amer206@afeka.ac.il,AA308499!,050-871-4131,סטודנט,הנדסה מכנית,עברית,לא,1
309167628,חסן,אבו,hassan.abu207@afeka.ac.il,HA309167!,050-918-7029,סטודנט,הנדסת מערכות מידע,עברית,לא,2
306268545,אלה,אבו,ella.abu208@afeka.ac.il,EA306268!,054-808-9151,סטודנט,הנדסה רפואית,עברית,לא,2
302648350,רוני,זועבי,roni.zoabi209@afeka.ac.il,RZ302648!,054-716-3956,סטודנט,הנדסה מכנית,עברית,כן,2
310284294,יארא,יצחקי,yara.yitzhaki210@afeka.ac.il,YY310284!,054-717-7981,סטודנט,הנדסת תוכנה,עברית,לא,1
320630992,תמר,עבדאללה,tamar.abdalla211@afeka.ac.il,TA320630!,054-381-1939,סטודנט,הנדסת חשמל,עברית,לא,1
301044905,לינה,חדד,lina.hadad212@afeka.ac.il,LH301044!,052-969-8179,סטודנט,הנדסת תעשייה וניהול,ערבית,לא,1
312151757,חסן,ח'טיב,hassan.khatib213@afeka.ac.il,HK312151!,054-680-1530,סטודנט,הנדסת תוכנה,עברית,לא,1
325604866,יובל,דראושה,yuval.darawshe214@afeka.ac.il,YD325604!,050-687-3255,סטודנט,הנדסה רפואית,עברית,לא,1
300869507,גל,גבאי,gal.gabay215@afeka.ac.il,GG300869!,052-611-9482,סטודנט,הנדסת מערכות מידע,עברית,כן,1
307199788,שקד,דראושה,shaked.darawshe216@afeka.ac.il,SD307199!,055-392-9047,סטודנט,מדעי הנתונים,ערבית,לא,2
323936721,ירין,סויסה,yarin.suissa217@afeka.ac.il,YS323936!,054-189-6236,סטודנט,הנדסה רפואית,עברית,לא,1
328566970,מיכל,לוי יקוט,michal.levi_yakut218@afeka.ac.il,ML328566!,052-828-3852,סטודנט,הנדסה רפואית,עברית,כן,1
307943548,עומר,שלום,omer.shalom219@afeka.ac.il,OS307943!,054-126-6912,סטודנט,הנדסה רפואית,עברית,לא,2
302206140,אורי,אברהם,uri.avraham220@afeka.ac.il,UA302206!,053-507-8842,סטודנט,הנדסת מערכות מידע,עברית,לא,1
310637683,יעל,שלום,yael.shalom221@afeka.ac.il,YS310637!,050-560-8632,סטודנט,הנדסה רפואית,ערבית,לא,1
325762476,מראם,סויסה,maram.suissa222@afeka.ac.il,MS325762!,052-543-9238,סטודנט,הנדסת תעשייה וניהול,עברית,לא,1
305434709,אייל,חדד,eyal.hadad223@afeka.ac.il,EH305434!,053-826-4694,סטודנט,הנדסה רפואית,עברית,לא,1
308408918,מיכל,אברהם,michal.avraham224@afeka.ac.il,MA308408!,052-750-5496,סטודנט,הנדסת תוכנה,עברית,לא,2
321507969,רוני,חורי,roni.khoury225@afeka.ac.il,RK321507!,052-706-3526,סטודנט,הנדסת תוכנה,עברית,לא,1
328270615,מייסם,אבו,maisam.abu226@afeka.ac.il,MA328270!,055-142-1464,סטודנט,הנדסת חשמל,ערבית,לא,1
321848296,אחמד,מור,ahmad.mor227@afeka.ac.il,AM321848!,052-885-7825,סטודנט,הנדסת תעשייה וניהול,עברית,לא,1
316204939,מיכל,לוי יקוט,michal.levi_yakut228@afeka.ac.il,ML316204!,052-924-7653,סטודנט,הנדסה מכנית,עברית,לא,1
313945951,יואב,דראושה,yoav.darawshe229@afeka.ac.il,YD313945!,054-575-4342,סטודנט,הנדסה רפואית,עברית,לא,1
324635655,איה,חסן,aya.hassan230@afeka.ac.il,AH324635!,053-508-3142,סטודנט,הנדסה רפואית,עברית,כן,2
304111153,גל,מנסור,gal.mansour231@afeka.ac.il,GM304111!,053-560-5061,סטודנט,הנדסת תוכנה,ערבית,לא,2
308330568,אלה,סעיד,ella.said232@afeka.ac.il,ES308330!,052-933-6364,סטודנט,הנדסה רפואית,עברית,לא,1
316735598,לינה,מנסור,lina.mansour233@afeka.ac.il,LM316735!,053-609-1379,סטודנט,הנדסת חשמל,עברית,לא,2
319573780,גל,רוזן,gal.rozen234@afeka.ac.il,GR319573!,053-149-1828,סטודנט,הנדסה מכנית,עברית,לא,2
309588124,חסן,עאמר,hassan.amer235@afeka.ac.il,HA309588!,055-108-2761,סטודנט,הנדסת מערכות מידע,ערבית,לא,1
312278820,יובל,ג'מאל,yuval.jamal236@afeka.ac.il,YJ312278!,050-510-1838,סטודנט,מדעי הנתונים,עברית,לא,1
315111385,אלה,חורי,ella.khoury237@afeka.ac.il,EK315111!,055-386-2946,סטודנט,הנדסת תוכנה,עברית,לא,1
325332427,רועי,ח'טיב,roi.khatib238@afeka.ac.il,RK325332!,052-303-9341,סטודנט,הנדסת מערכות מידע,עברית,כן,1
326976617,אורי,אבו,uri.abu239@afeka.ac.il,UA326976!,054-631-8487,סטודנט,הנדסת תוכנה,עברית,לא,1
305452663,עידו,חסן,ido.hassan240@afeka.ac.il,IH305452!,054-731-5902,סטודנט,הנדסה רפואית,עברית,לא,2
315934751,יוסף,לוי יקוט,yosef.levi_yakut241@afeka.ac.il,YL315934!,050-477-6427,סטודנט,הנדסת חשמל,עברית,לא,1
320028963,סמי,לוי,sami.levi242@afeka.ac.il,SL320028!,054-371-4728,סטודנט,הנדסת תעשייה וניהול,עברית,לא,2
304958529,עלי,מסרי,ali.masri243@afeka.ac.il,AM304958!,052-132-2800,סטודנט,מדעי הנתונים,ערבית,לא,2
323169344,איתי,סעיד,itai.said244@afeka.ac.il,IS323169!,052-520-9221,סטודנט,מדעי המחשב,עברית,לא,2
317404120,שירה,שלום,shira.shalom245@afeka.ac.il,SS317404!,052-674-6325,סטודנט,מדעי המחשב,עברית,לא,2
317888775,דניאל,מנסור,daniel.mansour246@afeka.ac.il,DM317888!,053-659-6804,סטודנט,הנדסה מכנית,עברית,לא,2
318726280,גל,אוחיון,gal.ohayon247@afeka.ac.il,GO318726!,053-330-5876,סטודנט,הנדסה מכנית,עברית,לא,2
316099531,יוסף,חסן,yosef.hassan248@afeka.ac.il,YH316099!,053-673-5480,סטודנט,הנדסה מכנית,ערבית,לא,1
327460190,אלה,ג'מאל,ella.jamal249@afeka.ac.il,EJ327460!,053-891-3399,סטודנט,הנדסה מכנית,ערבית,לא,1
314843679,רוני,עבדאללה,roni.abdalla250@afeka.ac.il,RA314843!,053-865-8849,סטודנט,מדעי הנתונים,עברית,לא,2
304606116,מראם,אוחיון,maram.ohayon251@afeka.ac.il,MO304606!,050-730-4920,סטודנט,מדעי הנתונים,ערבית,לא,2
301761309,עמית,שפירא,amit.shapira252@afeka.ac.il,AS301761!,050-523-6411,סטודנט,מדעי המחשב,ערבית,לא,1
313653548,נועה,חדד,noa.hadad253@afeka.ac.il,NH313653!,054-588-4267,סטודנט,הנדסה מכנית,עברית,לא,2
317956730,רוני,שפירא,roni.shapira254@afeka.ac.il,RS317956!,050-279-7846,סטודנט,הנדסת תוכנה,עברית,כן,1
306251580,אביב,מחאמיד,aviv.mahamid255@afeka.ac.il,AM306251!,053-997-1613,סטודנט,הנדסת תעשייה וניהול,עברית,לא,2
315245425,רועי,יצחקי,roi.yitzhaki256@afeka.ac.il,RY315245!,055-636-9092,סטודנט,הנדסת תוכנה,עברית,לא,2
311095917,עומר,גבאי,omer.gabay257@afeka.ac.il,OG311095!,052-848-8518,סטודנט,הנדסה מכנית,עברית,כן,2
319051576,רועי,יצחקי,roi.yitzhaki258@afeka.ac.il,RY319051!,052-279-7643,סטודנט,הנדסת מערכות מידע,עברית,כן,1
306200228,יארא,דוד,yara.david259@afeka.ac.il,YD306200!,052-588-6301,סטודנט,מדעי הנתונים,ערבית,לא,2
311060389,ירין,אוחיון,yarin.ohayon260@afeka.ac.il,YO311060!,053-696-1187,סטודנט,הנדסה מכנית,עברית,לא,1
315616064,שירה,גבאי,shira.gabay261@afeka.ac.il,SG315616!,053-263-7642,סטודנט,הנדסה מכנית,עברית,לא,2
320623407,מיכל,ח'טיב,michal.khatib262@afeka.ac.il,MK320623!,052-324-3188,סטודנט,מדעי המחשב,ערבית,לא,2
313953463,מייסם,ח'טיב,maisam.khatib263@afeka.ac.il,MK313953!,055-582-9806,סטודנט,מדעי הנתונים,עברית,לא,1
317633077,מייסם,אברהם,maisam.avraham264@afeka.ac.il,MA317633!,054-640-6927,סטודנט,הנדסת חשמל,עברית,כן,1
306783255,מראם,חורי,maram.khoury265@afeka.ac.il,MK306783!,055-649-3455,סטודנט,הנדסת תוכנה,עברית,לא,1
324055775,ליה,רוזן,lia.rozen266@afeka.ac.il,LR324055!,055-600-2489,סטודנט,מדעי המחשב,עברית,לא,1
315327613,לינה,סעיד,lina.said267@afeka.ac.il,LS315327!,055-159-8575,סטודנט,הנדסה מכנית,עברית,לא,1
319404906,נועה,רוזן,noa.rozen268@afeka.ac.il,NR319404!,050-146-7941,סטודנט,הנדסה רפואית,עברית,לא,2
315840081,שירה,ביטון,shira.biton269@afeka.ac.il,SB315840!,050-393-7698,סטודנט,הנדסת תוכנה,עברית,לא,1
312564823,סמי,סעיד,sami.said270@afeka.ac.il,SS312564!,054-559-7184,סטודנט,הנדסת מערכות מידע,ערבית,לא,2
321928965,סארה,שלום,sara.shalom271@afeka.ac.il,SS321928!,053-221-3924,סטודנט,הנדסת מערכות מידע,עברית,לא,1
325373170,עמית,כהן,amit.cohen272@afeka.ac.il,AC325373!,050-405-8585,סטודנט,הנדסת מערכות מידע,עברית,לא,2
311615193,גל,מנסור,gal.mansour273@afeka.ac.il,GM311615!,052-382-4088,סטודנט,הנדסת חשמל,ערבית,לא,2
308075420,נור,לוי,noor.levi274@afeka.ac.il,NL308075!,052-168-2653,סטודנט,הנדסת תעשייה וניהול,עברית,לא,2
324848435,שירה,בר,shira.bar275@afeka.ac.il,SB324848!,050-511-8191,סטודנט,מדעי הנתונים,עברית,לא,1
316907938,שירה,שלום,shira.shalom276@afeka.ac.il,SS316907!,053-339-6224,סטודנט,הנדסה רפואית,עברית,לא,2
307416963,יארא,סאלח,yara.saleh277@afeka.ac.il,YS307416!,054-407-5508,סטודנט,הנדסת תעשייה וניהול,עברית,לא,2
321004844,לואי,סויסה,loai.suissa278@afeka.ac.il,LS321004!,054-669-9120,סטודנט,הנדסת תעשייה וניהול,עברית,לא,2
326367226,יארא,מסרי,yara.masri279@afeka.ac.il,YM326367!,055-426-7821,סטודנט,הנדסת מערכות מידע,ערבית,לא,1
308085550,סארה,עאמר,sara.amer280@afeka.ac.il,SA308085!,052-407-3365,סטודנט,מדעי המחשב,עברית,לא,1
304499406,טל,סאלח,tal.saleh281@afeka.ac.il,TS304499!,054-348-5177,סטודנט,מדעי הנתונים,עברית,כן,2
303102576,ירין,ח'טיב,yarin.khatib282@afeka.ac.il,YK303102!,055-841-4120,סטודנט,הנדסת תעשייה וניהול,עברית,לא,1
329313838,מייסם,מזרחי,maisam.mizrahi283@afeka.ac.il,MM329313!,050-292-4555,סטודנט,מדעי המחשב,עברית,לא,2
307107089,אייל,כהן,eyal.cohen284@afeka.ac.il,EC307107!,052-859-2922,סטודנט,מדעי המחשב,עברית,לא,1
313308763,איה,רוזן,aya.rozen285@afeka.ac.il,AR313308!,052-665-6269,סטודנט,הנדסה מכנית,עברית,לא,2
308776551,אדיר,לוי יקוט,adir.levi_yakut286@afeka.ac.il,AL308776!,053-625-9147,סטודנט,מדעי המחשב,ערבית,לא,2
306815827,אמיר,חסן,amir.hassan287@afeka.ac.il,AH306815!,053-420-7781,סטודנט,הנדסת תעשייה וניהול,עברית,לא,1
308750127,איתי,לוי,itai.levi288@afeka.ac.il,IL308750!,055-698-7841,סטודנט,הנדסה מכנית,ערבית,לא,1
316753777,אלה,בר,ella.bar289@afeka.ac.il,EB316753!,055-770-6530,סטודנט,הנדסה מכנית,עברית,לא,2
315462855,סמי,מחאמיד,sami.mahamid290@afeka.ac.il,SM315462!,052-850-6770,סטודנט,הנדסת תוכנה,ערבית,לא,2
317580657,דניאל,פרץ,daniel.peretz291@afeka.ac.il,DP317580!,050-959-2217,סטודנט,הנדסת תעשייה וניהול,עברית,לא,2
302280625,עלי,שפירא,ali.shapira292@afeka.ac.il,AS302280!,052-109-4583,סטודנט,מדעי המחשב,עברית,לא,2
322121911,יארא,עאמר,yara.amer293@afeka.ac.il,YA322121!,054-116-1108,סטודנט,הנדסת מערכות מידע,ערבית,לא,2
300575210,ליאור,יצחקי,lior.yitzhaki294@afeka.ac.il,LY300575!,055-932-8054,סטודנט,הנדסת תוכנה,ערבית,כן,1
306440171,איתי,בר,itai.bar295@afeka.ac.il,IB306440!,055-639-5135,סטודנט,הנדסה רפואית,עברית,לא,1
315401408,יובל,ג'מאל,yuval.jamal296@afeka.ac.il,YJ315401!,055-349-4700,סטודנט,הנדסה מכנית,עברית,לא,1
303137356,חסן,מזרחי,hassan.mizrahi297@afeka.ac.il,HM303137!,054-488-7179,סטודנט,מדעי המחשב,ערבית,כן,2
316772464,יואב,אברהם,yoav.avraham298@afeka.ac.il,YA316772!,054-760-6427,סטודנט,הנדסת חשמל,עברית,לא,1
329129169,עמית,רוזן,amit.rozen299@afeka.ac.il,AR329129!,055-586-5441,סטודנט,הנדסת תעשייה וניהול,עברית,לא,2
306018138,ליאור,מזרחי,lior.mizrahi300@afeka.ac.il,LM306018!,053-116-4394,סטודנט,הנדסת תוכנה,עברית,לא,2
310042066,אביב,ביטון,aviv.biton301@afeka.ac.il,AB310042!,052-677-4939,סטודנט,הנדסת מערכות מידע,עברית,לא,1
326524714,אלה,שלום,ella.shalom302@afeka.ac.il,ES326524!,050-612-6666,סטודנט,הנדסת תעשייה וניהול,ערבית,לא,2
320306093,יעל,אבו,yael.abu303@afeka.ac.il,YA320306!,055-709-7499,סטודנט,הנדסה רפואית,ערבית,לא,1
307655054,ירין,מחאמיד,yarin.mahamid304@afeka.ac.il,YM307655!,053-666-7150,סטודנט,הנדסת מערכות מידע,עברית,לא,1
325909638,אלה,אברהם,ella.avraham305@afeka.ac.il,EA325909!,055-402-5037,סטודנט,הנדסת חשמל,ערבית,לא,1
324818713,איה,אזולאי,aya.azoulay306@afeka.ac.il,AA324818!,054-424-6909,סטודנט,הנדסת חשמל,ערבית,לא,1
325546549,ירין,ח'טיב,yarin.khatib307@afeka.ac.il,YK325546!,053-204-3170,סטודנט,הנדסת חשמל,עברית,לא,1
313691690,מראם,חורי,maram.khoury308@afeka.ac.il,MK313691!,050-126-2468,סטודנט,הנדסה רפואית,עברית,לא,1
300414082,עידו,מסרי,ido.masri309@afeka.ac.il,IM300414!,053-523-7353,סטודנט,הנדסת חשמל,עברית,לא,1
305690258,גל,סאלח,gal.saleh310@afeka.ac.il,GS305690!,054-273-3274,סטודנט,הנדסה מכנית,עברית,לא,2
314585315,יעל,חדד,yael.hadad311@afeka.ac.il,YH314585!,053-531-5911,סטודנט,מדעי המחשב,עברית,לא,2
319924836,גל,מחאמיד,gal.mahamid312@afeka.ac.il,GM319924!,055-300-8501,סטודנט,הנדסת חשמל,ערבית,כן,2
328239859,אביב,אבו,aviv.abu313@afeka.ac.il,AA328239!,055-489-6399,סטודנט,מדעי המחשב,עברית,לא,1
310080935,חסן,שלום,hassan.shalom314@afeka.ac.il,HS310080!,053-717-4290,סטודנט,מדעי המחשב,עברית,לא,2
324658291,עידו,יצחקי,ido.yitzhaki315@afeka.ac.il,IY324658!,054-689-4971,סטודנט,הנדסה רפואית,עברית,לא,1
303821441,אביב,ח'טיב,aviv.khatib316@afeka.ac.il,AK303821!,055-304-9939,סטודנט,הנדסת תוכנה,עברית,לא,1
323768854,סמי,מנסור,sami.mansour317@afeka.ac.il,SM323768!,052-548-5773,סטודנט,הנדסת חשמל,עברית,לא,1
304670076,טל,מחאמיד,tal.mahamid318@afeka.ac.il,TM304670!,053-347-5139,סטודנט,הנדסת תוכנה,עברית,לא,1
320063330,יעל,דראושה,yael.darawshe319@afeka.ac.il,YD320063!,054-696-7566,סטודנט,הנדסת מערכות מידע,עברית,לא,1
303669828,יובל,אברהם,yuval.avraham320@afeka.ac.il,YA303669!,052-773-6816,סטודנט,הנדסת תוכנה,עברית,כן,2
325255843,חסן,ג'מאל,hassan.jamal321@afeka.ac.il,HJ325255!,053-915-8052,סטודנט,הנדסת חשמל,ערבית,לא,1
318723152,לינה,סאלח,lina.saleh322@afeka.ac.il,LS318723!,055-804-4621,סטודנט,מדעי המחשב,עברית,לא,2
305058160,סלים,חורי,salim.khoury323@afeka.ac.il,SK305058!,053-125-8909,סטודנט,הנדסת חשמל,עברית,לא,2
327894394,רוני,גבאי,roni.gabay324@afeka.ac.il,RG327894!,052-456-6110,סטודנט,הנדסה רפואית,עברית,לא,2
315977363,אמיר,עבדאללה,amir.abdalla325@afeka.ac.il,AA315977!,050-548-8412,סטודנט,הנדסה רפואית,ערבית,כן,2
300757830,איה,גבאי,aya.gabay326@afeka.ac.il,AG300757!,053-763-2791,סטודנט,הנדסת תוכנה,עברית,לא,1
318519036,מוחמד,סויסה,mohammad.suissa327@afeka.ac.il,MS318519!,052-438-7985,סטודנט,מדעי המחשב,עברית,לא,1
321490904,דניאל,סויסה,daniel.suissa328@afeka.ac.il,DS321490!,054-505-1478,סטודנט,מדעי הנתונים,עברית,לא,1
306904981,נועה,רוזן,noa.rozen329@afeka.ac.il,NR306904!,053-870-2025,סטודנט,הנדסת חשמל,עברית,לא,2
306612715,יובל,חסן,yuval.hassan330@afeka.ac.il,YH306612!,054-216-5298,סטודנט,מדעי המחשב,עברית,לא,1
320512106,מייסם,מסרי,maisam.masri331@afeka.ac.il,MM320512!,054-701-2871,סטודנט,הנדסה רפואית,עברית,לא,1
320618678,דניאל,לוי יקוט,daniel.levi_yakut332@afeka.ac.il,DL320618!,055-186-3194,סטודנט,הנדסה רפואית,ערבית,לא,2
323267869,דניאל,ח'טיב,daniel.khatib333@afeka.ac.il,DK323267!,052-623-7364,סטודנט,הנדסת מערכות מידע,עברית,לא,1
316329942,הדר,סויסה,hadar.suissa334@afeka.ac.il,HS316329!,055-810-3838,סטודנט,הנדסת תוכנה,עברית,לא,2
320783950,עידו,דראושה,ido.darawshe335@afeka.ac.il,ID320783!,050-986-6882,סטודנט,הנדסת תעשייה וניהול,עברית,לא,1
321913384,אלה,חורי,ella.khoury336@afeka.ac.il,EK321913!,054-518-9056,סטודנט,הנדסת מערכות מידע,עברית,לא,1
318971602,יואב,אברהם,yoav.avraham337@afeka.ac.il,YA318971!,050-914-4613,סטודנט,הנדסה מכנית,ערבית,לא,1
326197293,מיכל,חדד,michal.hadad338@afeka.ac.il,MH326197!,054-679-9115,סטודנט,הנדסת חשמל,עברית,לא,2
318187957,סארה,ח'טיב,sara.khatib339@afeka.ac.il,SK318187!,050-878-8231,סטודנט,מדעי הנתונים,עברית,כן,2
309989454,חסן,בר,hassan.bar340@afeka.ac.il,HB309989!,050-560-5305,סטודנט,הנדסה רפואית,עברית,כן,1
307042342,ליה,בר,lia.bar341@afeka.ac.il,LB307042!,055-805-6744,סטודנט,הנדסת מערכות מידע,ערבית,כן,2
327026098,אור,רוזן,or.rozen342@afeka.ac.il,OR327026!,050-683-6747,סטודנט,הנדסה מכנית,עברית,לא,1
309708412,איה,יצחקי,aya.yitzhaki343@afeka.ac.il,AY309708!,055-373-9428,סטודנט,הנדסת חשמל,ערבית,לא,1
309305433,טל,פרץ,tal.peretz344@afeka.ac.il,TP309305!,052-818-3174,סטודנט,מדעי הנתונים,ערבית,לא,2
316423509,גל,ג'מאל,gal.jamal345@afeka.ac.il,GJ316423!,052-691-5402,סטודנט,הנדסת מערכות מידע,עברית,כן,1
317301117,רוני,ג'מאל,roni.jamal346@afeka.ac.il,RJ317301!,053-811-7046,סטודנט,מדעי המחשב,עברית,לא,2
324526005,נועה,אברהם,noa.avraham347@afeka.ac.il,NA324526!,054-750-6869,סטודנט,הנדסת חשמל,עברית,לא,2
316599879,הדר,רוזן,hadar.rozen348@afeka.ac.il,HR316599!,053-430-5646,סטודנט,הנדסה רפואית,עברית,כן,1
322902642,יוסף,אבו,yosef.abu349@afeka.ac.il,YA322902!,050-147-2631,סטודנט,מדעי המחשב,ערבית,לא,2
315318206,יואב,דראושה,yoav.darawshe350@afeka.ac.il,YD315318!,050-538-4314,סטודנט,הנדסת תוכנה,עברית,לא,1
321964327,ליאור,אברהם,lior.avraham351@afeka.ac.il,LA321964!,053-356-2350,סטודנט,הנדסה רפואית,עברית,לא,1
320991796,שירה,ג'מאל,shira.jamal352@afeka.ac.il,SJ320991!,053-843-4836,סטודנט,הנדסת מערכות מידע,עברית,לא,2
315998978,נועה,רוזן,noa.rozen353@afeka.ac.il,NR315998!,050-235-4705,סטודנט,מדעי המחשב,ערבית,לא,1
323287816,ליה,זועבי,lia.zoabi354@afeka.ac.il,LZ323287!,052-589-2160,סטודנט,מדעי הנתונים,עברית,לא,2
310514330,דנה,דוד,dana.david355@afeka.ac.il,DD310514!,053-406-3246,סטודנט,הנדסת מערכות מידע,עברית,לא,1
302295512,אורי,אזולאי,uri.azoulay356@afeka.ac.il,UA302295!,055-676-1138,סטודנט,הנדסת תוכנה,עברית,לא,1
313814691,עלי,אזולאי,ali.azoulay357@afeka.ac.il,AA313814!,055-803-8248,סטודנט,מדעי הנתונים,ערבית,כן,1
311795578,ליה,מסרי,lia.masri358@afeka.ac.il,LM311795!,054-422-3290,סטודנט,מדעי הנתונים,עברית,כן,2
326137884,מראם,יצחקי,maram.yitzhaki359@afeka.ac.il,MY326137!,050-968-5942,סטודנט,מדעי הנתונים,עברית,לא,1
309916745,לואי,ג'מאל,loai.jamal360@afeka.ac.il,LJ309916!,050-902-4921,סטודנט,מדעי המחשב,עברית,לא,2
317726353,עלי,ביטון,ali.biton361@afeka.ac.il,AB317726!,050-469-6185,סטודנט,הנדסת תוכנה,עברית,לא,2
318332672,טל,ח'טיב,tal.khatib362@afeka.ac.il,TK318332!,052-881-8717,סטודנט,הנדסת חשמל,ערבית,כן,2
301336367,שקד,רוזן,shaked.rozen363@afeka.ac.il,SR301336!,050-908-7520,סטודנט,הנדסה מכנית,עברית,לא,2
323548857,טל,זועבי,tal.zoabi364@afeka.ac.il,TZ323548!,054-184-9791,סטודנט,הנדסת תוכנה,עברית,לא,1
327113997,לינה,רוזן,lina.rozen365@afeka.ac.il,LR327113!,052-649-6353,סטודנט,הנדסת מערכות מידע,עברית,לא,1
310407561,חסן,ביטון,hassan.biton366@afeka.ac.il,HB310407!,054-847-4909,סטודנט,הנדסת תעשייה וניהול,עברית,לא,2
320545271,ליה,מנסור,lia.mansour367@afeka.ac.il,LM320545!,055-156-6067,סטודנט,הנדסת תוכנה,ערבית,לא,2
305497310,פאטמה,כהן,fatma.cohen368@afeka.ac.il,FC305497!,054-455-9568,סטודנט,הנדסה מכנית,ערבית,כן,2
325884905,ליאור,גבאי,lior.gabay369@afeka.ac.il,LG325884!,050-443-8034,סטודנט,הנדסה מכנית,עברית,לא,2
316647949,אחמד,ביטון,ahmad.biton370@afeka.ac.il,AB316647!,054-623-6900,סטודנט,הנדסת תעשייה וניהול,עברית,לא,1
308560275,יובל,חדד,yuval.hadad371@afeka.ac.il,YH308560!,050-687-2889,סטודנט,מדעי הנתונים,עברית,כן,2
301542884,נועה,בר,noa.bar372@afeka.ac.il,NB301542!,054-472-7274,סטודנט,הנדסת תוכנה,ערבית,לא,1
307533483,תמר,סעיד,tamar.said373@afeka.ac.il,TS307533!,053-354-7819,סטודנט,הנדסה רפואית,עברית,כן,1
316845698,יובל,גבאי,yuval.gabay374@afeka.ac.il,YG316845!,050-283-4656,סטודנט,הנדסת תעשייה וניהול,עברית,כן,1
325955275,נטע,יצחקי,neta.yitzhaki375@afeka.ac.il,NY325955!,053-435-2415,סטודנט,מדעי המחשב,ערבית,לא,2
324816052,אחמד,לוי יקוט,ahmad.levi_yakut376@afeka.ac.il,AL324816!,055-348-8600,סטודנט,הנדסה רפואית,עברית,לא,1
305052169,עומר,בר,omer.bar377@afeka.ac.il,OB305052!,050-519-1391,סטודנט,מדעי הנתונים,עברית,לא,1
311241317,פאטמה,כהן,fatma.cohen378@afeka.ac.il,FC311241!,050-877-7164,סטודנט,הנדסה מכנית,ערבית,לא,2
316509749,גל,סעיד,gal.said379@afeka.ac.il,GS316509!,050-245-5584,סטודנט,הנדסת חשמל,ערבית,לא,2
323516519,מוחמד,סעיד,mohammad.said380@afeka.ac.il,MS323516!,053-569-2391,סטודנט,הנדסת חשמל,עברית,לא,2
319860726,אביב,ביטון,aviv.biton381@afeka.ac.il,AB319860!,055-163-8126,סטודנט,הנדסת תוכנה,עברית,לא,1
323512449,עידו,ג'מאל,ido.jamal382@afeka.ac.il,IJ323512!,053-425-8417,סטודנט,הנדסה מכנית,עברית,לא,1
305214712,אורי,דוד,uri.david383@afeka.ac.il,UD305214!,050-268-8365,סטודנט,מדעי המחשב,עברית,כן,1
315163820,אדיר,רוזן,adir.rozen384@afeka.ac.il,AR315163!,053-574-5341,סטודנט,הנדסת חשמל,ערבית,לא,2
307214900,אייל,מזרחי,eyal.mizrahi385@afeka.ac.il,EM307214!,053-251-2494,סטודנט,מדעי הנתונים,עברית,לא,1
308729748,שירה,לוי יקוט,shira.levi_yakut386@afeka.ac.il,SL308729!,052-131-7625,סטודנט,מדעי המחשב,עברית,לא,1
303419443,דנה,מנסור,dana.mansour387@afeka.ac.il,DM303419!,052-224-1195,סטודנט,הנדסת תעשייה וניהול,עברית,לא,2
327637893,אורי,מלכה,uri.malka388@afeka.ac.il,UM327637!,054-481-2376,סטודנט,הנדסה מכנית,עברית,כן,2
321675723,יעל,מלכה,yael.malka389@afeka.ac.il,YM321675!,054-928-3110,סטודנט,הנדסת חשמל,עברית,לא,1
301432650,רועי,גבאי,roi.gabay390@afeka.ac.il,RG301432!,054-151-3752,סטודנט,הנדסת מערכות מידע,עברית,לא,1
322924821,מאיה,מסרי,maya.masri391@afeka.ac.il,MM322924!,054-276-6799,סטודנט,מדעי הנתונים,עברית,לא,1
301162642,ירין,אזולאי,yarin.azoulay392@afeka.ac.il,YA301162!,055-734-5026,סטודנט,הנדסה מכנית,עברית,לא,2
302943446,אמיר,פרץ,amir.peretz393@afeka.ac.il,AP302943!,053-492-3248,סטודנט,הנדסת מערכות מידע,עברית,לא,1
321164605,מוחמד,בר,mohammad.bar394@afeka.ac.il,MB321164!,055-913-1319,סטודנט,הנדסת מערכות מידע,עברית,לא,1
311543869,סארה,מחאמיד,sara.mahamid395@afeka.ac.il,SM311543!,055-614-6269,סטודנט,הנדסת מערכות מידע,עברית,כן,1
300983260,מייסם,שפירא,maisam.shapira396@afeka.ac.il,MS300983!,053-159-8728,סטודנט,הנדסה רפואית,עברית,לא,2
308316702,יואב,דוד,yoav.david397@afeka.ac.il,YD308316!,052-372-9743,סטודנט,הנדסת תעשייה וניהול,עברית,לא,2
311905267,אחמד,מסרי,ahmad.masri398@afeka.ac.il,AM311905!,052-280-4875,סטודנט,הנדסה רפואית,עברית,לא,1
323603961,רים,לוי,reem.levi399@afeka.ac.il,RL323603!,053-681-3328,סטודנט,מדעי הנתונים,עברית,לא,1
305890707,יוסף,לוי יקוט,yosef.levi_yakut400@afeka.ac.il,YL305890!,054-138-2478,סטודנט,הנדסת תעשייה וניהול,עברית,לא,2
300022934,מוחמד,עאמר,mohammad.amer401@afeka.ac.il,MA300022!,053-728-4300,סטודנט,הנדסת תוכנה,עברית,לא,2
300735274,עידו,פרץ,ido.peretz402@afeka.ac.il,IP300735!,052-700-3320,סטודנט,הנדסת חשמל,עברית,לא,2
323640372,יעל,ח'טיב,yael.khatib403@afeka.ac.il,YK323640!,054-700-2655,סטודנט,הנדסה רפואית,עברית,כן,2
326569826,יואב,זועבי,yoav.zoabi404@afeka.ac.il,YZ326569!,054-764-6198,סטודנט,הנדסת תוכנה,עברית,לא,2
307490597,נור,עבדאללה,noor.abdalla405@afeka.ac.il,NA307490!,055-934-3872,סטודנט,הנדסת מערכות מידע,עברית,לא,2
324455508,אורי,סויסה,uri.suissa406@afeka.ac.il,US324455!,050-818-7415,סטודנט,הנדסת תעשייה וניהול,עברית,לא,1
321462984,נור,שפירא,noor.shapira407@afeka.ac.il,NS321462!,055-206-9129,סטודנט,הנדסת תוכנה,עברית,כן,1
305633366,אדיר,חסן,adir.hassan408@afeka.ac.il,AH305633!,050-941-6500,סטודנט,מדעי המחשב,ערבית,לא,1
311760196,פאטמה,ביטון,fatma.biton409@afeka.ac.il,FB311760!,053-905-2770,סטודנט,הנדסת תעשייה וניהול,ערבית,לא,1
329680639,טל,חדד,tal.hadad410@afeka.ac.il,TH329680!,054-604-7204,סטודנט,הנדסה רפואית,עברית,כן,1
305457846,אמיר,שפירא,amir.shapira411@afeka.ac.il,AS305457!,054-175-1547,סטודנט,הנדסה מכנית,ערבית,לא,1
311469180,דנה,ביטון,dana.biton412@afeka.ac.il,DB311469!,052-484-3636,סטודנט,הנדסת חשמל,עברית,לא,2
319932357,רוני,אבו,roni.abu413@afeka.ac.il,RA319932!,055-594-1507,סטודנט,הנדסת מערכות מידע,עברית,לא,2
301797032,הדר,חדד,hadar.hadad414@afeka.ac.il,HH301797!,050-439-4367,סטודנט,מדעי הנתונים,עברית,לא,2
322165987,סמי,מור,sami.mor415@afeka.ac.il,SM322165!,053-404-4891,סטודנט,הנדסת חשמל,ערבית,לא,1
301828879,יוסף,אזולאי,yosef.azoulay416@afeka.ac.il,YA301828!,053-103-8005,סטודנט,הנדסת חשמל,עברית,לא,1
306699974,מייסם,עאמר,maisam.amer417@afeka.ac.il,MA306699!,050-126-4390,סטודנט,הנדסת תוכנה,עברית,לא,1
310346623,אמיר,גבאי,amir.gabay418@afeka.ac.il,AG310346!,054-582-9013,סטודנט,הנדסה מכנית,ערבית,לא,2
329712204,דניאל,ח'טיב,daniel.khatib419@afeka.ac.il,DK329712!,054-478-4056,סטודנט,מדעי המחשב,ערבית,לא,2
328087702,שקד,שפירא,shaked.shapira420@afeka.ac.il,SS328087!,053-677-2009,סטודנט,הנדסת תוכנה,עברית,לא,2
327118026,רוני,עבדאללה,roni.abdalla421@afeka.ac.il,RA327118!,055-523-4727,סטודנט,הנדסת תעשייה וניהול,עברית,לא,2
319217102,טל,עאמר,tal.amer422@afeka.ac.il,TA319217!,052-587-5896,סטודנט,הנדסת חשמל,עברית,לא,2
319166960,תמר,חורי,tamar.khoury423@afeka.ac.il,TK319166!,055-919-3415,סטודנט,הנדסת חשמל,עברית,לא,1
327127440,יואב,רוזן,yoav.rozen424@afeka.ac.il,YR327127!,052-229-1699,סטודנט,הנדסת מערכות מידע,ערבית,לא,1
327988024,עומר,אזולאי,omer.azoulay425@afeka.ac.il,OA327988!,055-364-6238,סטודנט,הנדסת חשמל,ערבית,לא,1
328743537,מראם,חסן,maram.hassan426@afeka.ac.il,MH328743!,053-632-8506,סטודנט,הנדסת תעשייה וניהול,עברית,לא,2
303775505,מוחמד,סעיד,mohammad.said427@afeka.ac.il,MS303775!,054-253-3428,סטודנט,הנדסת חשמל,עברית,לא,1
329107639,דנה,יצחקי,dana.yitzhaki428@afeka.ac.il,DY329107!,055-452-7732,סטודנט,הנדסה מכנית,עברית,לא,2
301257139,מייסם,עאמר,maisam.amer429@afeka.ac.il,MA301257!,052-382-7602,סטודנט,הנדסת תוכנה,עברית,לא,2
313280600,אביב,מזרחי,aviv.mizrahi430@afeka.ac.il,AM313280!,053-807-4892,סטודנט,הנדסת תעשייה וניהול,עברית,לא,2
311336904,יובל,לוי,yuval.levi431@afeka.ac.il,YL311336!,053-418-5593,סטודנט,מדעי המחשב,עברית,לא,1
310082450,עמית,שלום,amit.shalom432@afeka.ac.il,AS310082!,054-892-6257,סטודנט,הנדסה מכנית,עברית,לא,1
314821549,רוני,מלכה,roni.malka433@afeka.ac.il,RM314821!,052-943-7671,סטודנט,מדעי המחשב,עברית,לא,1
326558010,שירה,חורי,shira.khoury434@afeka.ac.il,SK326558!,052-167-6097,סטודנט,הנדסת מערכות מידע,ערבית,לא,2
305829658,אחמד,לוי,ahmad.levi435@afeka.ac.il,AL305829!,052-996-4288,סטודנט,הנדסת תעשייה וניהול,עברית,לא,1
309193159,יובל,מלכה,yuval.malka436@afeka.ac.il,YM309193!,053-943-8605,סטודנט,הנדסת מערכות מידע,עברית,כן,2
312497910,מאיה,בר,maya.bar437@afeka.ac.il,MB312497!,054-708-8308,סטודנט,הנדסת תוכנה,עברית,לא,1
311551079,מראם,עבדאללה,maram.abdalla438@afeka.ac.il,MA311551!,052-957-5237,סטודנט,הנדסת חשמל,עברית,לא,1
328759879,יואב,רוזן,yoav.rozen439@afeka.ac.il,YR328759!,052-762-4688,סטודנט,מדעי הנתונים,עברית,לא,1
315908062,מאיה,כהן,maya.cohen440@afeka.ac.il,MC315908!,052-762-3837,סטודנט,הנדסת תעשייה וניהול,עברית,לא,2
314220596,אייל,אוחיון,eyal.ohayon441@afeka.ac.il,EO314220!,054-972-6713,סטודנט,מדעי המחשב,עברית,לא,2
327659281,סלים,סאלח,salim.saleh442@afeka.ac.il,SS327659!,055-506-2676,סטודנט,הנדסת תעשייה וניהול,עברית,לא,1
310015190,יובל,יצחקי,yuval.yitzhaki443@afeka.ac.il,YY310015!,050-593-2045,סטודנט,הנדסה רפואית,עברית,לא,2
322015720,ליאור,מור,lior.mor444@afeka.ac.il,LM322015!,053-292-3456,סטודנט,מדעי הנתונים,עברית,לא,1
322163719,מייסם,ג'מאל,maisam.jamal445@afeka.ac.il,MJ322163!,053-797-3292,סטודנט,הנדסת תעשייה וניהול,עברית,לא,2
313576086,שקד,סעיד,shaked.said446@afeka.ac.il,SS313576!,054-854-1578,סטודנט,מדעי הנתונים,עברית,לא,1
322544165,סלים,עאמר,salim.amer447@afeka.ac.il,SA322544!,053-619-5918,סטודנט,הנדסת תוכנה,עברית,לא,1
303275015,דניאל,יצחקי,daniel.yitzhaki448@afeka.ac.il,DY303275!,054-231-5237,סטודנט,הנדסת תוכנה,עברית,לא,1
307457590,חסן,אברהם,hassan.avraham449@afeka.ac.il,HA307457!,053-328-6031,סטודנט,הנדסת מערכות מידע,עברית,לא,2
315561224,שקד,יצחקי,shaked.yitzhaki450@afeka.ac.il,SY315561!,050-581-1879,סטודנט,הנדסת חשמל,עברית,לא,2
317778430,ליה,מסרי,lia.masri451@afeka.ac.il,LM317778!,053-523-1885,סטודנט,הנדסת תוכנה,ערבית,לא,2
304805805,טל,מנסור,tal.mansour452@afeka.ac.il,TM304805!,053-983-3954,סטודנט,הנדסת חשמל,עברית,לא,2
321290252,דניאל,חסן,daniel.hassan453@afeka.ac.il,DH321290!,050-104-8406,סטודנט,הנדסה מכנית,עברית,לא,2
316427481,אחמד,חדד,ahmad.hadad454@afeka.ac.il,AH316427!,050-232-8105,סטודנט,הנדסת מערכות מידע,עברית,לא,1
301265851,אלה,כהן,ella.cohen455@afeka.ac.il,EC301265!,055-304-7112,סטודנט,הנדסת תעשייה וניהול,עברית,לא,2
300601165,מוחמד,מלכה,mohammad.malka456@afeka.ac.il,MM300601!,050-741-5076,סטודנט,מדעי הנתונים,עברית,לא,2
312869818,אורי,דוד,uri.david457@afeka.ac.il,UD312869!,055-702-6015,סטודנט,הנדסת תוכנה,ערבית,כן,1
324421986,מיכל,מנסור,michal.mansour458@afeka.ac.il,MM324421!,055-710-9587,סטודנט,הנדסה רפואית,עברית,לא,1
316447667,אורי,אבו,uri.abu459@afeka.ac.il,UA316447!,053-868-4087,סטודנט,הנדסת תוכנה,עברית,לא,1
307664445,אביב,לוי,aviv.levi460@afeka.ac.il,AL307664!,052-844-3149,סטודנט,מדעי הנתונים,עברית,לא,1
312300767,יואב,גבאי,yoav.gabay461@afeka.ac.il,YG312300!,050-484-5190,סטודנט,הנדסת תעשייה וניהול,עברית,כן,1
301618499,דנה,לוי,dana.levi462@afeka.ac.il,DL301618!,050-526-8279,סטודנט,הנדסת מערכות מידע,ערבית,לא,1
306895265,פאטמה,אזולאי,fatma.azoulay463@afeka.ac.il,FA306895!,050-408-7895,סטודנט,הנדסת חשמל,עברית,לא,1
314053460,מייסם,שלום,maisam.shalom464@afeka.ac.il,MS314053!,050-623-2928,סטודנט,הנדסה מכנית,ערבית,כן,2
326103969,עומר,מלכה,omer.malka465@afeka.ac.il,OM326103!,053-951-9571,סטודנט,מדעי הנתונים,עברית,לא,2
318392484,יואב,מזרחי,yoav.mizrahi466@afeka.ac.il,YM318392!,054-312-8875,סטודנט,הנדסה רפואית,עברית,כן,2
328025740,רוני,גבאי,roni.gabay467@afeka.ac.il,RG328025!,055-785-9095,סטודנט,הנדסת תוכנה,עברית,לא,1
308586314,יעל,דוד,yael.david468@afeka.ac.il,YD308586!,052-567-5850,סטודנט,הנדסה מכנית,עברית,כן,1
328596720,דניאל,מזרחי,daniel.mizrahi469@afeka.ac.il,DM328596!,053-468-6123,סטודנט,הנדסת מערכות מידע,עברית,כן,2
328588333,תמר,כהן,tamar.cohen470@afeka.ac.il,TC328588!,052-779-3793,סטודנט,הנדסה רפואית,עברית,לא,1
329476747,נור,אוחיון,noor.ohayon471@afeka.ac.il,NO329476!,050-481-6615,סטודנט,הנדסת תוכנה,ערבית,לא,2
328041718,נטע,אוחיון,neta.ohayon472@afeka.ac.il,NO328041!,054-806-8835,סטודנט,הנדסת מערכות מידע,עברית,לא,1
323359584,ליה,שלום,lia.shalom473@afeka.ac.il,LS323359!,050-964-3611,סטודנט,הנדסת חשמל,עברית,לא,2
306082095,אחמד,דראושה,ahmad.darawshe474@afeka.ac.il,AD306082!,055-488-6875,סטודנט,הנדסת תעשייה וניהול,עברית,לא,1
316209463,סמי,שלום,sami.shalom475@afeka.ac.il,SS316209!,054-215-7738,סטודנט,מדעי המחשב,ערבית,לא,2
323641384,עידו,כהן,ido.cohen476@afeka.ac.il,IC323641!,055-885-4669,סטודנט,הנדסה רפואית,עברית,לא,1
314523965,נור,דוד,noor.david477@afeka.ac.il,ND314523!,052-593-6664,סטודנט,הנדסת מערכות מידע,ערבית,לא,2
300390736,נור,פרץ,noor.peretz478@afeka.ac.il,NP300390!,052-617-8688,סטודנט,מדעי המחשב,עברית,כן,2
308082988,יוסף,חסן,yosef.hassan479@afeka.ac.il,YH308082!,053-384-1824,סטודנט,מדעי הנתונים,עברית,לא,2
315404658,גל,אברהם,gal.avraham480@afeka.ac.il,GA315404!,054-920-8341,סטודנט,הנדסת חשמל,עברית,לא,2
325006070,ליה,מחאמיד,lia.mahamid481@afeka.ac.il,LM325006!,050-205-7609,סטודנט,הנדסת מערכות מידע,ערבית,לא,1
329867165,רוני,לוי יקוט,roni.levi_yakut482@afeka.ac.il,RL329867!,055-675-4389,סטודנט,מדעי המחשב,עברית,לא,1
328330592,שירה,שפירא,shira.shapira483@afeka.ac.il,SS328330!,054-439-8751,סטודנט,הנדסה רפואית,עברית,כן,1
300073717,יארא,שפירא,yara.shapira484@afeka.ac.il,YS300073!,053-463-5783,סטודנט,הנדסה רפואית,עברית,כן,2
304712692,יואב,מחאמיד,yoav.mahamid485@afeka.ac.il,YM304712!,054-209-5166,סטודנט,מדעי הנתונים,עברית,לא,1
315335919,אביב,רוזן,aviv.rozen486@afeka.ac.il,AR315335!,052-833-6536,סטודנט,הנדסת חשמל,עברית,כן,2
325908892,עלי,גבאי,ali.gabay487@afeka.ac.il,AG325908!,054-568-9260,סטודנט,הנדסת תוכנה,עברית,כן,2
318563195,לואי,פרץ,loai.peretz488@afeka.ac.il,LP318563!,054-958-8912,סטודנט,הנדסת תוכנה,עברית,לא,2
312999174,אורי,דוד,uri.david489@afeka.ac.il,UD312999!,055-720-6273,סטודנט,הנדסת מערכות מידע,עברית,לא,2
309180354,פאטמה,בר,fatma.bar490@afeka.ac.il,FB309180!,054-451-5819,סטודנט,מדעי המחשב,עברית,כן,2
310029860,מייסם,חורי,maisam.khoury491@afeka.ac.il,MK310029!,055-981-6143,סטודנט,מדעי הנתונים,עברית,לא,1
322561118,מיכל,עבדאללה,michal.abdalla492@afeka.ac.il,MA322561!,052-827-3913,סטודנט,הנדסה רפואית,עברית,לא,2
319555733,מראם,עאמר,maram.amer493@afeka.ac.il,MA319555!,055-783-7839,סטודנט,הנדסה מכנית,עברית,לא,2
303572556,נועה,סאלח,noa.saleh494@afeka.ac.il,NS303572!,050-490-3381,סטודנט,הנדסת תעשייה וניהול,עברית,לא,2
322930774,יואב,יצחקי,yoav.yitzhaki495@afeka.ac.il,YY322930!,053-249-2016,סטודנט,הנדסה מכנית,עברית,לא,1
303438658,אדיר,דראושה,adir.darawshe496@afeka.ac.il,AD303438!,055-988-4675,סטודנט,הנדסת מערכות מידע,עברית,לא,1
323251076,פאטמה,יצחקי,fatma.yitzhaki497@afeka.ac.il,FY323251!,050-490-7349,סטודנט,הנדסת מערכות מידע,עברית,לא,2
300435041,עידו,פרץ,ido.peretz498@afeka.ac.il,IP300435!,053-307-8259,סטודנט,מדעי הנתונים,עברית,לא,1
325337210,חסן,ח'טיב,hassan.khatib499@afeka.ac.il,HK325337!,055-659-4218,סטודנט,מדעי הנתונים,עברית,לא,1
306273892,סלים,ביטון,salim.biton500@afeka.ac.il,SB306273!,052-852-9418,סטודנט,הנדסת חשמל,עברית,לא,1